{
  "EMERALDS": {
    "base_alpha": 0.6970065236091614,
    "base_depth": 0.9962580800056458,
    "w_vol": 0.7110316157341003,
    "w_spread": 0.3230089247226715,
    "w_skew": 0.0,
    "w_fill": -0.5,
    "gamma_as": 0.13108137249946594,
    "as_weight": 0.49102407693862915,
    "corr_w": 0.31806638836860657,
    "best_sharpe": 0.09146049618721008
  },
  "TOMATOES": {
    "base_alpha": 0.20403222739696503,
    "base_depth": 0.5622575879096985,
    "w_vol": 0.40468811988830566,
    "w_spread": 0.2113201767206192,
    "w_skew": 0.0,
    "w_fill": -0.5,
    "gamma_as": 0.06992066651582718,
    "as_weight": 0.6241208910942078,
    "corr_w": 0.07441548258066177,
    "best_sharpe": 0.09002653509378433
  }
}